label,text,len,len_no_spaces,n_words,n_special_chars,n_capital_letters,explicit
1,free entry in 2 a wkly comp to win fa cup final tkts 21st may 2005 text fa to[entity] to receive entry questionstd txt ratetcs apply[entity]over18s,153,128,26,10,22,0
1,freemsg hey there darling its been 3 weeks now and no word back id like some fun you up for it still tb ok [explicit] std chgs to send 150 to rcv,155,124,32,10,5,1
1,winner as a valued network customer you have been selected to receivea 900 prize reward to claim call[entity] claim code kl341 valid 12 hours only,154,130,25,8,18,0
1,had your mobile 11 months or more u r entitled to update to the latest colour mobiles with camera for free call the mobile update co free on[entity],150,123,28,4,20,0
1,six chances to win cash from 100 to 20000 pounds txt csh11 and send to[entity] cost 150pday 6days 16 tsandcs apply reply hl 4 info,138,114,25,10,23,0
1,urgent you have won a 1 week free membership in our 100000 prize jackpot txt the word claim to no[entity] tc [entity],125,104,22,10,34,0
1,xxxmobilemovieclub to use your credit click the wap link in the next txt message or click here [entity],107,90,18,6,16,0
1,england v macedonia dont miss the goalsteam news txt ur national team to[entity] eg england to[entity] trywales scotland 4txt120 poboxox[entity]w45wq 16,163,142,22,14,51,0
1,thanks for your subscription to ringtone uk your mobile will be charged 5month please confirm by replying yes or no if you reply no you will not be charged,159,131,29,2,13,0
1,[entity] rodger burns msg we tried to call you re your reply to our sms for a free nokia mobile free camcorder please call now[entity] for delivery tomorrow,165,134,32,9,19,0
1,sms ac sptv the new jersey devils and the detroit red wings play ice hockey correct or incorrect end reply end sptv,120,99,22,5,24,0
1,congrats 1 year special cinema pass for 2 is yours call[entity] now c suprman v matrix3 starwars3 etc all 4 free bx420ip45we 150pm dont miss out,157,131,26,14,18,0
1,as a valued customer i am pleased to advise you that following recent review of your mob no you are awarded with a 1500 bonus prize call[entity],149,123,27,5,12,0
1,urgent ur awarded a complimentary trip to eurodisinc trav acoentry41 or 1000 to claim txt dis to[entity]6150morefrmmob shracomorsglsuplt10 ls1 3aj,160,141,20,12,30,0
1,did you hear about the new divorce barbie it comes with all of kens stuff,80,66,15,7,5,0
1,please call our customer service representative on[entity] between 10am9pm as you have won a guaranteed 1000 cash or 5000 prize,133,114,20,4,10,0
1,your free ringtone is waiting to be collected simply text the password mix to[entity] to verify get usher and britney fml,127,107,21,8,17,0
1,gent we are trying to contact you last weekends draw shows that you won a 1000 prize guaranteed call[entity] claim code k52 valid 12hrs only 150ppm,155,130,26,8,27,0
1,you are a winner u have been specially selected 2 receive 1000 or a 4 holiday flights inc speak to a live operator 2 claim[entity]pmin 18,147,121,26,9,8,0
1,private your 2004 account statement for[entity] shows 786 unredeemed bonus points to claim call[entity] identifier code[entity] expires,138,122,17,9,34,0
1,urgent your mobile no was awarded 2000 bonus caller prize on 5903 this is our final try to contact u call from landline[entity] box42wr29c 150ppm,153,129,25,8,31,0
1,todays voda numbers ending 7548 are selected to receive a 350 award if you have a match please call[entity] quoting claim code 4041 standard rates app,152,127,26,4,9,0
1,sunshine quiz wkly q win a top sony dvd player if u know which country the algarve is in txt ansr to[entity] 150 sptyrone,128,105,24,7,20,0
1,want 2 get laid tonight want real [explicit] locations sent direct 2 ur mob join the uks largest [explicit] network bt txting gravel to[entity] nt ec2a 31pmsg150p,170,144,27,14,20,2
1,youll not rcv any more msgs from the chat svc for free [explicit] services text go to[entity] if u get nothing u must age verify with yr network try again,159,129,31,8,17,1
1,freemsg why havent you replied to my text im randy [explicit] female and live local luv to hear from u netcollex ltd[entity]p per msg reply stop to end,158,131,28,11,15,1
1,customer service annoncement you have a new years delivery waiting for you please call[entity] now to arrange delivery,120,103,18,4,11,0
1,you are a winner u have been specially selected 2 receive 1000 cash or a 4 holiday flights inc speak to a live operator 2 claim[entity],140,115,26,5,8,0
1,pls stop bootydelious 32f is inviting you to be her friend reply yes434 or no434 see her [entity],105,88,18,10,21,0
1,bangbabes ur order is on the way u should receive a service msg 2 download ur content if u do not goto wap bangb tv on ur mobile internetservice menu,155,126,30,6,20,0
1,urgent we are trying to contact you last weekends draw shows that you have won a 900 prize guaranteed call[entity] claim code s89 valid 12hrs only,153,128,26,7,28,0
1,please call our customer service representative on freephone[entity] between 9am11pm as you have won a guaranteed 1000 cash or 5000 prize,143,123,21,4,19,0
1,are you unique enough find out from 30th august [entity],58,49,10,4,9,0
1,500 new mobiles from 2004 must go txt nokia to no[entity] collect yours todayfrom only 1 [entity],106,89,18,10,32,0
1,will u meet ur dream partner soon is ur career off 2 a flyng start 2 find out free txt horo followed by ur star sign e g horo aries,137,108,30,6,15,0
1,text meet someone [explicit] today u can find a date or even flirt its up to u join 4 just 10p reply with name age eg sam 25 18 msg recdthirtyeight pence,163,130,34,10,17,1
1,u[entity] have a secret admirer who is looking 2 make contact with ufind out who they rreveal who thinks ur so specialcall on[entity],136,114,23,7,17,0
1,congratulations ur awarded 500 of cd vouchers or 125gift guaranteed free entry 2 100 wkly draw txt music to[entity] tncs [entity],131,110,22,5,23,0
1,we tried to contact you re your reply to our offer of a video handset 750 anytime networks mins unlimited text camcorder reply or call[entity] now,150,125,26,6,27,0
1,hey i am really [explicit] want to chat or see me naked text hot to[entity] text charged at 150pm to unsubscribe text stop[entity],130,108,23,6,14,1
1,ur ringtone service has changed 25 free credits go to club4mobilescom to choose content now stop txt club stop to[entity]pwk club4 po box1146 mk45 2wt,156,132,25,8,26,0
1,ringtone club get the uk singles chart on your mobile each week and choose any top quality ringtone this message is free of charge,133,110,24,3,6,0
1,hmv bonus special 500 pounds of genuine hmv vouchers to be won just answer 4 easy questions play now send hmv to[entity] more info[entity],142,119,24,8,38,0
1,tmobile customer you may now claim your free camera phone upgrade a pay go sim card for your loyalty call on[entity]offer ends 28thfebtcs apply,153,128,26,10,28,0
1,sms ac blind date 4u rodds1 is 21m from aberdeen united kingdom check him out [entity],92,77,16,8,18,0
1,themob check out our newest selection of content games tones gossip babes and sport keep your mobile fit and funky text wap to[entity],140,118,23,8,16,0
1,think ur smart win 200 this week in our weekly quiz text play to[entity] nowtcs winnersclub po box 84 m26 3uz 16 gbp150week,136,113,24,12,27,0
1,december only had your mobile 11mths you are entitled to update to the latest colour camera mobile for free call the mobile update co free on[entity],153,128,26,6,19,0
1,call germany for only 1 pence per minute call from a fixed line via access number[entity] no prepayment direct access,121,102,20,6,11,0
1,valentines day special win over 1000 in our quiz and take your partner on the trip of a lifetime send go to[entity] now 150pmsg rcvd custcare[entity],158,133,26,11,21,0
1,fancy a [explicit] i dointerested sextextukcom txt xxuk suzy to[entity] txts cost 150 per msg tncs on website x,119,101,19,12,21,1
1,ur cashbalance is currently 500 pounds to maximize ur cashin now send cash to[entity] only 150pmsg cc[entity] hgsuite3422lands roww1j6hl,146,127,20,13,28,0
1,updatenow xmas offer latest motorola sonyericsson nokia free bluetooth double mins 1000 txt on orange call mobileupd8 on[entity] or call2optoutf4q,161,138,24,13,29,0
1,here is your discount code rp[entity] to stop further messages reply stop [entity],84,72,13,6,16,0
1,thanks for your ringtone order reference t91 you will be charged gbp 4 per week you can unsubscribe at anytime by calling customer services on[entity],153,129,25,5,16,0
1,double mins and txts 4 6months free bluetooth on orange available on sony nokia motorola phones call mobileupd8 on[entity] or call2optoutn9dx,145,125,21,6,23,0
1,4mths half price orange line rental latest camera phones 4 free had your phone 11mths call mobilesdirect free on[entity] to update now or2stoptxt,151,127,25,6,15,0
1,free ringtone text first to[entity] for a poly or text get to[entity] for a true tone help[entity] after 1st free tones are 3x150pw to end txt stop,154,128,27,9,39,0
1,100 dating service call[entity] box334sk38ch,45,41,5,3,6,0
1,free entry into our 250 weekly competition just text the word win to[entity] now 18 tc [entity],99,83,17,6,24,0
1,send a logo 2 ur lover 2 names joined by a heart txt love name1 name2 mobno eg love adam eve[entity] to[entity] yahoo pobox[entity]w45wq txtno 4 no ads 150p,160,131,30,9,58,0
1,someone has contacted our dating service and entered your phone because they fancy you to find out who it is call from a landline[entity] pobox12n146tf150p,158,133,26,4,10,0
1,urgent your mobile number has been awarded with a 2000 prize guaranteed call[entity] from land line claim 3030 valid 12hrs only,133,113,21,6,27,0
1,congrats nokia 3650 video camera phone is your call[entity] calls cost 150ppm ave call 3mins vary from mobiles 16 close[entity] post bcm4284 ldn wc1n3xx,154,131,24,6,27,0
1,loan for any purpose 500 75000 homeowners tenants welcome have you been previously refused we can still help call free[entity] or text back help,159,134,26,11,13,0
1,upgrdcentre orange customer you may now claim your free camera phone upgrade for your loyalty call now on[entity] offer ends 26th july tcs apply optout available,169,144,26,10,30,0
1,okmail dear dave this is your final notice to collect your 4 tenerife holiday or 5000 cash award call[entity] from landline tcs sae box326 cw25wx 150ppm,157,132,26,7,25,0
1,want 2 get laid tonight want real [explicit] locations sent direct 2 ur mob join the uks largest [explicit] network by txting moan to[entity]nyt ec2a 31pmsg150p,167,142,26,13,18,2
1,free message activate your 500 free text messages by replying to this message with the word free for terms conditions visit [entity],135,113,23,4,29,0
1,congrats 1 year special cinema pass for 2 is yours call[entity] now c suprman v matrix3 starwars3 etc all 4 free bx420ip45we 150pm dont miss out,156,131,26,14,18,0
1,123 congratulations in this weeks competition draw u have won the 1450 prize to claim just call[entity] b[entity] tcsstop sms[entity] over 18 only 150ppm,163,139,25,13,25,0
1,you are guaranteed the latest nokia phone a 40gb ipod mp3 player or a 500 prize txt word collect to no[entity] ibhltd ldnw15h 150pmtmsgrcvd18,150,127,24,9,30,0
1,boltblue tones for 150p reply poly or mono eg poly3 1 cha cha slide 2 yeah 3 slow jamz 6 toxic 8 come with me or stop 4 more tones txt more,146,115,32,7,32,0
1,your credits have been topped up for [entity],45,38,8,2,7,0
1,urgent your mobile no was awarded a 2000 bonus caller prize on 020903 this is our 2nd attempt to contact you call[entity] box95qu,139,117,23,10,28,0
1,todays offer claim ur 150 worth of discount vouchers text yes to[entity] now savamob member offers mobile t cs[entity] 300 sub 16 unsub reply x,158,133,26,14,26,0
1,you will recieve your tone within the next 24hrs for terms and conditions please see channel u teletext pg 750,111,92,20,1,7,0
1,private your 2003 account statement for[entity] shows 800 unredeemed sim points call[entity] identifier code[entity] expires 181104,140,124,16,14,35,0
1,from [entity],13,12,2,2,6,0
1,gent we are trying to contact you last weekends draw shows that you won a 1000 prize guaranteed call[entity] claim code k52 valid 12hrs only 150ppm,156,130,26,8,27,0
1,you have won 1000 cash or a 2000 prize to claim call[entity],66,55,12,8,8,0
1,our mobile number has won 5000 to claim calls us back or ring the claims hot line on[entity],96,79,18,4,6,0
1,we tried to contact you re your reply to our offer of 750 mins 150 textand a new video phone call[entity] now or reply for free delivery tomorrow,145,118,28,2,7,0
1,for ur chance to win a 250 wkly shopping spree txt shop to[entity] tscs [entity],87,73,15,9,22,0
1,you have been specially selected to receive a 2000 pound award call[entity] before the lines close cost 10ppm 16 tcs apply ag promo,138,116,23,9,20,0
1,private your 2003 account statement for[entity] shows 800 unredeemed s i m points call[entity] identifier code[entity] expires 241004,142,125,18,15,35,0
1,you have an important customer service announcement call freephone[entity] now,80,71,10,4,17,0
1,xclusiveclubsaisai 2morow 285 soiree speciale zouk with nichols from parisfree roses 2 all ladies info[entity][entity],128,112,16,12,91,0
1,22 days to kick off for euro2004 u will be kept up to date with the latest news and results daily to be removed send get txt stop to[entity],142,114,29,4,20,0
1,new textbuddy chat 2 [explicit] guys in ur area 4 just 25p free 2 receive search postcode or at gaytextbuddycom txt one name to[entity],137,114,24,6,25,1
1,todays vodafone numbers ending with 4882 are selected to a receive a 350 award if your number matches call[entity] to receive your 350 award,146,123,24,4,9,0
1,dear voucher holder 2 claim this weeks offer at your pc go to [entity],72,59,14,4,11,0
1,private your 2003 account statement for shows 800 unredeemed s i m points call[entity] identifier code[entity] expires 311004,134,117,18,13,29,0
1,you have won 1000 cash or a 2000 prize to claim call[entity] tc rstm sw7 3ss 150ppm,94,78,17,13,18,0
1,[entity] and[entity] are premium phone services call[entity],60,54,7,6,18,0
1,sms ac sun0819 posts helloyou seem cool,42,36,7,3,9,0
1,get ur 1st ringtone free now reply to this msg with tone gr8 top 20 tones to your phone every week just 150 per wk 2 opt out send stop[entity],147,118,30,5,35,0
1,hi im sue i am 20 years old and work as a lapdancer i love [explicit] text me live im i my bedroom now text sue to[entity] by textoperator g2 1da 150ppmsg 18,167,134,34,13,21,1
1,forwarded from[entity]please call[entity] immediately as there is an urgent message waiting for you,102,90,13,7,18,0
1,to review and keep the fantastic nokia ngage game deck with club nokia go 2 [entity],86,71,16,4,16,0
1,4mths half price orange line rental latest camera phones 4 free had your phone 11mths call mobilesdirect free on[entity] to update now or2stoptxt tcs,156,132,25,8,17,0
1,[entity] between 10am7pm cost 10p,34,30,5,3,7,0
1,[entity] urgent this is the 2nd attempt to contact uu have won 1250 call[entity] b[entity] tcsbcm4235wc1n3xx callcost 150ppm mobilesvary max7 50,154,134,21,12,44,0
1,you have won a guaranteed 1000 cash or a 2000 prize to claim yr prize call our customer service representative on[entity] between 10am7pm,143,121,23,4,11,0
1,email alertfrom jeri stewartsize 2kbsubject lowcost prescripiton drvgsto listen to email call 123,101,89,13,4,11,0
1,hi customer loyalty offerthe new nokia6650 mobile from only 10 at txtauction txt word start to no[entity] get yours now 4tctxt tc 150pmtmsg,151,128,24,11,44,0
1,u are subscribed to the best mobile content service in the uk for 3 per 10 days until you send stop to[entity] helpline[entity],130,108,23,5,23,0
1,do you realize that in about 40 years well have thousands of old ladies running around with tattoos,102,85,18,3,1,0
1,you have an important customer service announcement from premier,65,57,9,1,8,0
1,romantic paris 2 nights 2 flights from 79 book now 4 next year call[entity]tscs apply,92,78,15,7,12,0
1,urgent ur 500 guaranteed award is still unclaimed call[entity] now closingdate040902 claimcode m39m51 150pmmorefrommobile2bremovedmobypobox734ls27yf,157,144,14,7,23,0
1,ur awarded a city break and could win a 200 summer shopping spree every wk txt store to[entity] skilgme tscs[entity]winawkage16 150perwksub,149,128,22,9,37,0
1,you have an important customer service announcement from premier call freephone[entity] now,93,82,12,4,24,0
1,ever thought about living a good life with a perfect partner just txt back name and age to join the mobile community 100psms,129,107,23,5,12,0
1,5 free top polyphonic tones call[entity] national rate get a toppoly tune sent every week just text subpoly to[entity] 3 per pole unsub[entity],151,129,23,12,34,0
1,orange customer you may now claim your free camera phone upgrade for your loyalty call now on[entity] offer ends 14thmarch tcs apply optout availa,154,131,24,10,28,0
1,last chance claim ur 150 worth of discount vouchers today text shop to[entity] now savamob offers mobile t cs savamob pobox84 m263uz 300 sub 16,156,132,25,11,29,0
1,free for 1st week no1 nokia tone 4 ur mobile every week just txt nokia to 8077 get txting and tell ur mates [entity],118,95,24,4,18,0
1,you have won a guaranteed 200 award or even 1000 cashto claim ur award call free on[entity] 2 stop getstop on[entity] php rg21 4jx,137,114,24,7,22,0
1,congratulations ur awarded either 500 of cd gift vouchers free entry 2 our 100 weekly draw txt music to[entity] tncs [entity],131,110,22,5,23,0
1,u were outbid by simonwatson5120 on the shinco dvd plyr 2 bid again visit sms acsmsrewards 2 end bid notifications reply end out,133,111,23,5,12,0
1,smsservices for yourinclusive text credits pls goto [entity],62,55,8,4,17,0
1,25p 4 alfie moons children in need song on ur mob tell ur m8s txt tone charity to 8007 for nokias or poly charity for polys zed[entity] profit 2 charity,157,128,30,7,13,0
1,u have a secret admirer reveal who thinks u r so special call[entity] to opt out reply reveal stop 150 per msg recd cust care[entity],139,115,25,10,36,0
1,dear voucher holder to claim this weeks offer at you pc please go to [entity],79,65,15,4,12,0
1,do you want 750 anytime any network mins 150 text and a new video phone for only five pounds per week call[entity] or reply for delivery tomorrow,145,119,27,2,15,0
1,we tried to contact you re our offer of new video phone 750 anytime any network mins half price rental camcorder call[entity] or reply for delivery wed,151,125,27,2,21,0
1,last chance 2 claim ur 150 worth of discount voucherstext yes to[entity] nowsavamobmember offers mobile t cs[entity] 300 sub 16 remove txt x or stop,160,135,26,11,28,0
1,urgent call[entity] from your landline your complimentary 4 ibiza holiday or 10000 cash await collection sae tcs po box 434 sk3 8wp 150 ppm 18,149,124,25,8,24,0
1,talk [explicit] make new friends or fall in love in the worlds most discreet text dating service just text vip to[entity] and see who you could meet,152,126,27,8,12,1
1,congratulations ur awarded either a yrs supply of cds from virgin records or a mystery gift guaranteed call[entity] tscs [entity],130,111,20,5,32,0
1,private your 2003 account statement for[entity] xxxxxx shows 800 unredeemed s i m points call[entity] identifier code[entity] expires 071104,149,131,19,15,41,0
1,hello we need some posh birds and chaps to user trial prods for champneys can i put you down i need your address and dob asap ta r,134,107,28,4,5,0
1,what do u want for xmas how about 100 free text messages a new video phone with half price line rental call free now on[entity] to find out more,149,120,30,6,11,0
1,shop till u drop is it you either 10k 5k 500 cash or 100 travel voucher call now[entity] ntt po box cr[entity]bt fixedline cost 150ppm mobile vary,157,131,27,11,37,0
1,sunshine quiz wkly q win a top sony dvd player if u know which country liverpool played in mid week txt ansr to[entity] 150 sptyrone,139,115,25,7,20,0
1,u have a secret admirer who is looking 2 make contact with ufind out who they rreveal who thinks ur so specialcall on[entity],128,106,23,5,11,0
1,u have a secret admirer who is looking 2 make contact with ufind out who they rreveal who thinks ur so specialcall on[entity]stopsms08,139,117,23,7,13,0
1,reminder you have not downloaded the content you have already paid for goto [entity],86,73,14,4,9,0
1,all the lastest from stereophonics marley dizzee racal libertines and the strokes win nookii games with flirt click themob wap bookmark or text wap to[entity],164,140,25,8,26,0
1,january male sale hot gay chat now cheaper call[entity] national rate from 15pmin cheap to 78pmin peak to stop texts call[entity]pmin,143,123,21,14,19,0
1,money you r a lucky winner 2 claim your prize text money[entity] over 1million to give away ppt150x3normal text rate box403 w1t1jy,140,117,24,8,6,0
1,dear matthew please call[entity] from a landline your complimentary 4lux tenerife holiday or 1000 cash await collection ppm150 sae tcs box334 sk38xh,155,134,22,7,24,0
1,urgent call[entity] from landline your complimentary 4 tenerife holiday or 10000 cash await collection sae tcs box 528 hp20 1yf 150ppm 18,145,124,22,8,23,0
1,how about getting in touch with folks waiting for company just txt back your name and age to opt in enjoy the community 150psms,132,109,24,5,13,0
1,ur cashbalance is currently 500 pounds to maximize ur cashin now send go to[entity] only 150pmsg cc[entity] po box 11414 tcrw1,135,114,22,12,26,0
1,filthy stories and girls waiting for your,41,35,7,0,6,0
1,urgent we are trying to contact u todays draw shows that you have won a 800 prize guaranteed call[entity] from land line claim m95 valid12hrs only,153,128,26,7,29,0
1,congrats 2 mobile 3g videophones r yours call[entity] now videochat wid your mates play java games dload polyph music noline rentl,137,117,21,9,13,0
1,panasonic bluetoothhdset free nokia free motorola free doublemins doubletxt on orange contract call mobileupd8 on[entity] or call 2optout,146,126,21,8,31,0
1,free for 1st week no1 nokia tone 4 ur mob every week just txt nokia to 8007 get txting and tell ur mates [entity],114,91,24,3,18,0
1,guess what somebody you know secretly fancies you wanna find out who it is give us a call on[entity] from landline datebox1282essexcm61xn 150pmin 18,152,129,24,6,22,0
1,we know someone who you know that fancies you call[entity] to find out who pobox 6 ls15hb 150p,97,80,18,5,15,0
1,1000s flirting now txt girl or bloke ur name age eg girl zoe 18 to 8007 to join and get chatting,104,82,23,6,27,0
1,18 days to euro2004 kickoff u will be kept informed of all the latest news and results daily unsubscribe send get euro stop to[entity],137,114,24,5,20,0
1,eastenders tv quiz what flower does dot compare herself to d violet e tulip f lily txt d e or f to[entity] now 4 chance 2 win 100 cash wkent150p16,155,126,30,9,63,0
1,we have new local dates in your area lots of new people registered in your area reply date to start now 18 only [entity],124,100,25,5,21,0
1,someone u know has asked our dating service 2 contact you cant guess who call[entity] now all will be revealed po box385 m6 6wu,130,107,24,5,25,0
1,urgent we are trying to contact u todays draw shows that you have won a 800 prize guaranteed call[entity] from land line claim c52 valid12hrs only,153,128,26,7,29,0
1,dear uve been invited to xchat this is our final attempt to contact u txt chat to[entity],92,76,17,5,19,0
1,you are awarded a sipix digital camera call[entity] from landline delivery within 28days t cs box177 m221bp 2yr warranty 150ppm 16 p p399,149,126,24,11,18,0
1,win urgent your mobile number has been awarded with a 2000 prize guaranteed call[entity] from land line claim 3030 valid 12hrs only 150ppm,143,120,23,4,26,0
1,dear subscriber ur draw 4 100 gift voucher will b entered on receipt of a correct ans when was elvis presleys birthday txt answer to[entity],144,120,25,4,15,0
1,message important information for o2 user today is your lucky day 2 find out why log onto [entity],100,83,18,4,10,0
1,[entity] you have won a 2000 price to claim call[entity],62,53,10,8,14,0
1,bored of speed dating try speedchat txt speedchat to[entity] if you dont like em txt swap and get a new chatter chat[entity] pobox[entity]w45wq 150pmsg rcd 16,164,139,26,12,49,0
1,do you want 750 anytime any network mins 150 text and a new video phone for only five pounds per week call[entity] now or reply for delivery tomorrow,149,122,28,2,11,0
1,for taking part in our mobile survey yesterday you can now have 500 texts 2 use however you wish 2 get txts just send txt to[entity] tc [entity],147,120,28,7,19,0
1,ur hmv quiz cashbalance is currently 500 to maximize ur cashin now send hmv1 to[entity] only 150pmsg,107,90,18,6,14,0
1,dont forget you can place as many free requests with 1stchoicecouk as you wish for more information call[entity],116,99,18,6,14,0
1,i dont know u and u dont know me send chat to[entity] now and lets find each other only 150pmsg rcvd hgsuite3422landsroww1j6hl ldn 18 years or over,160,134,27,15,26,0
1,thank you winner notified by sms good luck no future marketing reply stop to[entity] customer services[entity],113,98,16,7,20,0
1,1000s of girls many local 2 u who r virgins 2 this r ready 2 4fil ur every sexual need can u 4fil theirs text cute to[entity]150p m,142,114,29,10,11,0
1,got what it takes 2 take part in the wrc rally in oz u can with lucozade energy text rally le to[entity]p see packs or lucozadecoukwrc itcould be u,157,128,30,11,23,0
1,[explicit] up ur mobile with a free [explicit] pic of jordan just text babe to[entity] then every wk get a [explicit] celeb pocketbabecouk 4 more pics 16 3wk[entity],174,147,28,17,25,3
1,you have 1 new voicemail please call[entity],45,39,7,3,8,0
1,win a year supply of cds 4 a store of ur choice worth 500 enter our 100 weekly draw txt music to[entity] tscs [entity],125,101,25,6,25,0
1,as a sim subscriber you are selected to receive a bonus get it delivered to your door txt the word ok to no[entity] to claim 150pmsg exp 30apr,150,123,28,10,20,0
1,you have 1 new voicemail please call[entity],46,40,7,4,8,0
1,no 1 nokia tone 4 ur mob every week just txt nok to[entity]st tone free so get txtin now and tell ur friends 150ptone 16 reply hl 4info,142,114,29,8,20,0
1,reply with your name and address and you will receive by post a weeks completely free accommodation at various global locations [entity],136,115,22,2,27,0
1,free entry into our 250 weekly comp just send the word enter to[entity] now 18 tc [entity],94,78,17,6,26,0
1,please call[entity] immediately as there is an urgent message waiting for you,77,66,12,2,11,0
1,hungry gay guys feeling hungry and up 4 it now call[entity] just 10pmin to stop texts call[entity]pmin,108,92,17,10,15,0
1,can u get 2 phone now i wanna chat 2 set up meet call me now on[entity] u can [explicit] here 2moro luv jane [explicit] calls1minmoremobsemspobox45po139wa,158,133,26,8,33,2
1,network operator the service is free for t cs visit[entity]biz,68,58,11,7,10,0
1,enjoy the jamster videosound gold club with your credits for 2 new videosounds2 logosmusicnews get more fun from jamstercouk 16only help call[entity],159,137,22,11,8,0
1,get 3 lions england tone reply lionm 4 mono or lionp 4 poly 4 more go 2 [entity],82,65,18,4,9,0
1,win the newest harry potter and the order of the phoenix book 5 reply harry answer 5 questions chance to be the first among readers,140,115,26,5,13,0
1,ur balance is now 500 ur next question is who sang uptown girl in the 80s 2 answer txt ur answer to[entity] good luck,128,104,25,10,18,0
1,free2day [explicit] st georges day pic of jordantxt pic to[entity] dont miss out then every wk a saucy celeb4 more pics c pocketbabecouk[entity] 3wk,157,134,24,13,29,1
1,hot live fantasies call now[entity] just 20p per min ntt ltd po box 1327 croydon cr9 5wb 0870k,97,80,18,5,35,0
1,bears pic nick and tom pete and [explicit] in fact all types try gay chat with photo upload call[entity]pmin 2 stop texts call[entity],145,122,24,16,18,1
1,500 new mobiles from 2004 must go txt nokia to no[entity] collect yours todayfrom only 1 [entity],106,89,18,10,32,0
1,double mins double txt 12 price linerental on latest orange bluetooth mobiles call mobileupd8 for the very latest offers[entity] or call2optoutlf56,155,133,23,8,19,0
1,urgent important information for o2 user today is your lucky day 2 find out why log onto [entity],100,83,18,5,76,0
1,dear uve been invited to xchat this is our final attempt to contact u txt chat to[entity]pmsgrcvdhgsuite3422landsroww1j6hl ldn 18 yrs,141,122,20,10,32,0
1,congratulations ur awarded either 500 of cd gift vouchers free entry 2 our 100 weekly draw txt music to[entity] tncs [entity],131,110,22,5,23,0
1,for sale arsenal dartboard good condition but no doubles or trebles,71,60,12,3,2,0
1,free 1st week entry 2 textpod 4 a chance 2 win 40gb ipod or 250 cash every wk txt pod to[entity] tscs [entity],114,92,23,6,29,0
1,as a registered optin subscriber ur draw 4 100 gift voucher will be entered on receipt of a correct ans to[entity] whats no1 in the bbc charts,144,118,27,2,12,0
1,summers finally here fancy a chat or flirt with [explicit] singles in yr area to get matched up just reply summer now free 2 join optout txt stop help[entity],162,134,29,8,31,1
1,claire here am havin borin time am now alone u wanna [explicit] over 2nite chat now[entity] hope 2 c u luv claire [explicit] calls1minmoremobsemspobox45po139wa,165,141,25,9,34,2
1,bought one ringtone and now getting texts costing 3 pound offering more tones etc,81,68,14,0,1,0
1,[entity] urgent your mobile no 07xxxxxxxxx won a 2000 bonus caller prize on 020603 this is the 2nd attempt to reach you call[entity] asap,146,123,24,11,27,0
1,you[entity] are guaranteed the latests nokia phone a 40gb ipod mp3 player or a 500 prize txt wordcollect to no[entity] tcllc nyusa 150pmt msgrcvd18,158,135,24,13,42,0
1,hi its lucy hubby at meetins all day fri i will b alone at hotel u fancy cumin over pls leave msg 2day[entity] lucy x calls1minmobsmorelkpobox177hp51fl,157,131,27,5,31,0
1,your account has been credited with 500 free text messages to activate just txt the word credit to no[entity] tcs [entity],127,107,21,9,29,0
1,sms ac jsco energy is high but u may not know where 2channel it 2day ur leadership skills r strong psychic reply ans wquestion end reply end jsco,154,127,28,9,20,0
1,hot live fantasies call now[entity] just 20p per min ntt ltd po box 1327 croydon cr9 5wb 0870 is a national rate call,118,96,23,3,35,0
1,thanks for the vote now sing along with the stars with karaoke on your mobile for a free link just reply with sing now,121,98,24,3,13,0
1,our brand new mobile music service is now live the free music player will arrive shortly just install on your phone to browse content from the top artists,157,130,28,3,3,0
1,urgent your mobile no was awarded a 2000 bonus caller prize on 10803 this is our 2nd attempt to contact you call[entity] box95qu bt national rate,153,128,26,8,32,0
1,you have won a nokia 7250i this is what you get when you win our free auction to take part send nokia to[entity] now hgsuite3422lands roww1jhl 16,152,126,27,9,24,0
1,hello from orange for 1 months free access to games news and sport plus 10 free texts and 20 photo messages reply yes terms apply [entity],145,120,26,9,13,0
1,ur cashbalance is currently 500 pounds to maximize ur cashin now send go to[entity] only 150pmsg cc[entity] hgsuite3422lands roww1j6hl,143,124,20,12,26,0
1,sms auction a brand new nokia 7250 is up 4 auction today auction is free 2 join take part txt nokia to[entity] now hgsuite3422lands roww1j6hl,151,125,27,10,46,0
1,private your 2003 account statement for shows 800 unredeemed s i m points call[entity] identifier code[entity] expires 071104,134,117,18,13,29,0
1,as a registered subscriber yr draw 4 a 100 gift voucher will b entered on receipt of a correct ans when are the next olympics txt ans to[entity],148,121,28,4,11,0
1,urgent your mobile number has been awarded with a 2000 prize guaranteed call[entity] from land line claim 3030 valid 12hrs only 150ppm,140,119,22,6,27,0
1,rtking pro video club need help [entity] or call[entity] you must be 16 club credits redeemable at [entity],112,95,18,11,28,0
1,u have a secret admirer who is looking 2 make contact with ufind out who they rreveal who thinks ur so specialcall on[entity],128,106,23,5,11,0
1,500 free text msgs just text ok to[entity] and well credit your account,73,61,13,4,7,0
1,you have been selected to stay in 1 of 250 top british hotels for nothing holiday worth 350 to claim call london[entity] bx 526 sw73ss,143,118,26,8,29,0
1,eerie nokia tones 4u rply tone title to 8007 eg tone dracula to 8007 titles ghost addamsfa munsters exorcist twilight [entity],132,112,21,8,66,0
1,0anetworks allow companies to bill for sms so they are responsible for their suppliers,91,78,14,5,12,0
1,freemsgfeelin kinda lnly hope u like 2 keep me company jst got a cam moby wanna c my pictxt or reply date to[entity] msg150p 2rcv hlp[entity] stop to[entity],160,133,28,9,29,0
1,for ur chance to win a 250 cash every wk txt action to[entity] tscs [entity],83,69,15,9,24,0
1,rgent this is the 2nd attempt to contact uu have won 1250 call[entity] b[entity] tcsbcm4235wc1n3xx callcost 150ppm mobilesvary max7 50,144,125,20,10,37,0
1,hi if ur lookin 4 saucy daytime fun wiv [explicit] married woman am free all next week chat now 2 sort time[entity] janinexx calls1minmobsmorelkpobox177hp51fl,161,138,24,5,28,1
1,urgent we are trying to contact u todays draw shows that you have won a 800 prize guaranteed call[entity] from land line claim a21 valid 12hrs only,154,128,27,7,29,0
1,monthly password for wap mobsicom is[entity] use your wap phone not pc,74,63,12,6,10,0
1,todays vodafone numbers ending with 0089my last four digits are selected to received a 350 award if your number matches please call[entity] to claim your 350 award,170,144,27,5,7,0
1,free top ringtone sub to weekly ringtoneget 1st week freesend subpoly to[entity]3 per weekstop sms[entity],113,99,15,11,21,0
1,free msg sorry a service you ordered from[entity] could not be delivered as you do not have sufficient credit please top up to receive the service,150,125,26,6,9,0
1,hard live 121 chat just 60pmin choose your girl and connect live call[entity] now cheap chat uks biggest live service vu bcm1896wc1n3xx,141,120,22,8,31,0
1,wow the boys r back take that 2007 uk tour win vip tickets prebook with vip club txt club to[entity] trackmarque ltd infovipclub4u,140,117,24,11,40,0
1,hi this is mandy sullivan calling from hotmix fmyou are chosen to receive [entity] in our easter prize drawplease telephone[entity] to claim before 290305 or your prize will be transferred to someone else,221,189,33,19,26,0
1,ur going 2 bahamas callfreefone[entity] and speak to a live operator to claim either bahamas cruise of2000 cash 18only to opt out txt x to[entity],151,127,25,7,42,0
1,someone has conacted our dating service and entered your phone because they fancy youto find out who it is call from landline[entity] pobox12n146tf15,151,129,23,4,10,0
1,hi[entity] ibh customer loyalty offer the new nokia6600 mobile from only 10 at txtauctiontxt wordstart to no[entity] get yours now4t,142,122,21,11,53,0
1,sms auction you have won a nokia 7250i this is what you get when you win our free auction to take part send nokia to[entity] now hgsuite3422lands roww1jhl 16,164,136,29,9,34,0
1,call freephone[entity] now,27,25,3,3,16,0
1,buy space invaders 4 a chance 2 win orig arcade game console press 0 for games arcade std wap charge see o2coukgames 4 terms settings no purchase,154,127,28,8,14,0
1,big brother alert the computer has selected u for 10k cash or 150 voucher call[entity] ntt po box cro[entity] bt landline cost 150ppm mobiles vary,151,127,25,9,42,0
1,win we have a winner mr t foley won an ipod more exciting prizes soon so keep an eye on ur mobile or visit [entity],121,97,25,8,15,0
1,todays voda numbers ending 1225 are selected to receive a 50award if you have a match please call[entity] quoting claim code 3100 standard rates app,152,127,25,3,9,0
1,hottest pics straight to your phone see me getting wet and wanting just for you [explicit] text pics to[entity] now txt costs 150p textoperator g696ga 18 [explicit],168,142,27,10,15,2
1,hack chat get backdoor entry into 121 chat rooms at a fraction of the cost reply neo69 or call[entity] to subscribe 25p pm dps bcm box 8027 ldn wc1n3xx,157,129,29,8,18,0
1,free nokia or motorola with upto 12mths 12price linerental 500 free xnet mins100txtmth free btooth call mobileupd8 on[entity] or call 2optoutd3wv,154,134,21,11,31,0
1,this is the 2nd time we have tried 2 contact u u have won the 750 pound prize 2 claim is easy call[entity] now only 10p per min btnationalrate,150,121,29,9,15,0
1,you have won a guaranteed 1000 cash or a 2000 prizeto claim yr prize call our customer service representative on,117,98,20,1,5,0
1,would you like to see my [explicit] pics they are so hot they were nearly banned in the uk,91,73,19,3,1,1
1,u have a secret admirer who is looking 2 make contact with ufind out who they rreveal who thinks ur so specialcall on[entity],128,106,23,5,11,0
1,dear 0776xxxxxxx uve been invited to xchat this is our final attempt to contact u txt chat to[entity]pmsgrcvdhgsuite3422landsroww1j6hl ldn 18yrs,153,133,20,10,32,0
1,urgent please call[entity] from landline your abta complimentary 4 tenerife holiday or 5000 cash await collection sae tcs box 326 cw25wx 150ppm,149,128,22,6,25,0
1,call[entity] listen to extreme dirty live chat going on in the office right now total privacy no one knows your [sic] listening 60p min 247mp[entity],153,128,26,9,111,0
1,freemsg hey u i just got 1 of these videopic fones reply wild to this txt ill send u my pics hurry up im so bored at work [explicit] [entity]prcvd stop2stop,165,134,32,12,20,1
1,free entry in 2 a weekly comp for a chance to win an ipod txt pod to[entity] to get entry std txt rate tcs apply[entity] for details 18,141,114,28,10,19,0
1,new textbuddy chat 2 [explicit] guys in ur area 4 just 25p free 2 receive search postcode or at gaytextbuddycom txt one name to[entity] rpl stop 2 cnl,152,125,28,6,26,1
1,call from[entity] tells u 2 call[entity] to claim 5000 prize u have 2 enter all ur mobile personal details the prompts careful,137,113,25,10,15,0
1,free 1st week entry 2 textpod 4 a chance 2 win 40gb ipod or 250 cash every wk txt vpod to[entity] tscs [entity],115,93,23,6,30,0
1,more people are [explicit] in your area now call[entity] and join like minded guys why not arrange 1 yourself theres 1 this evening a150 minapn ls278bb,159,134,26,10,18,1
1,well done your 4 costa del sol holiday or 5000 await collection call[entity] now toclaim sae tcs pobox334 stockport sk38xh cost150pm max10mins,158,137,22,14,35,0
1,guess what somebody you know secretly fancies you wanna find out who it is give us a call on[entity] from landline datebox1282essexcm61xn 150pmin 18,152,129,24,6,21,0
1,it to[entity] your 500 free text messages are valid until 31 december 2005,76,64,13,4,8,0
1,you have won a guaranteed 200 award or even 1000 cashto claim ur award call free on[entity] 2 stop getstop on[entity] php,127,106,22,6,18,0
1,reply to win 100 weekly where will the 2006 fifa world cup be held send stop to[entity] to end service,106,87,20,4,19,0
1,urgent please call[entity] from landline your abta complimentary 4 tenerife holiday or 5000 cash await collection sae tcs box 326 cw25wx 150 ppm,149,127,23,7,25,0
1,free tones hope you enjoyed your new content text stop to[entity] to unsubscribe help[entity]p provided by tones2youcouk,125,109,17,9,15,0
1,themobyo yo yohere comes a new selection of hot downloads for our members to get for free just click open the next link sent to ur fone,143,116,28,7,9,0
1,great news call freefone[entity] to claim your guaranteed 1000 cash or 2000 gift speak to a live operator now,116,98,19,5,25,0
1,u can win 100 of music gift vouchers every week starting now txt the word draw to[entity] tscs [entity],105,87,19,4,29,0
1,call[entity] to use ur mins calls cast 10pmin mob vary service provided by aom just gbp5month aom box61m60 1er until u stop ages 18 only,148,124,25,14,23,0
1,urgent your mobile no won a 2000 bonus caller prize on 020603 this is the 2nd attempt to reach you call[entity] asap box97n7qp 150ppm,155,131,25,21,35,0
1,eerie nokia tones 4u rply tone title to 8007 eg tone dracula to 8007 titles ghost addamsfa munsters exorcist twilight [entity],132,112,21,8,66,0
1,[explicit] singles are waiting for you text your age followed by your gender as wither m or f eg23f for gay men text your age followed by a g eg23g,155,126,30,10,22,1
1,freemsg claim ur 250 sms messagestext ok to[entity] nowuse web2mobile 2 ur mates etc join txt250com for 150pwk tc box139 la32wu 16 remove txtx or stop,163,137,27,14,29,0
1,[entity] freeringtonereply real,33,31,3,4,16,0
1,well done england get the official poly ringtone or colour flag on yer mobile text tone or flag to[entity] now optout txt eng stop box[entity] w111wx 150,161,135,27,10,44,0
1,final chance claim ur 150 worth of discount vouchers today text yes to[entity] now savamob member offers mobile t cs savamob pobox84 m263uz 300 subs 16,163,138,26,10,28,0
1,sms services for your inclusive text credits pls goto [entity],64,55,10,4,17,0
1,you are a winner you have been specially selected to receive 1000 cash or a 2000 award speak to a live operator to claim call[entity]am7pm cost 10p,154,128,27,5,9,0
1,sunshine hols to claim ur med holiday send a stamped self address envelope to drinks on us uk po box 113 bray wicklow eire quiz starts saturday unsub stop,161,133,29,7,18,0
1,u can win 100 of music gift vouchers every week starting now txt the word draw to[entity] tscs [entity],105,87,19,4,29,0
1,your b4u voucher wc 2703 is marsms log onto [entity],55,46,10,5,16,0
1,freemsg hey im buffy 25 and love to satisfy men home alone feeling randy reply 2 c my pix qlynnbv help[entity]p a msg send stop to stop txts,148,120,29,9,22,0
1,free for 1st week no1 nokia tone 4 ur mob every week just txt nokia to[entity] get txting and tell ur mates zed pobox[entity] w45wq norm150ptone 16,151,125,27,8,30,0
1,free camera phones with linerental from 449month with 750 cross ntwk mins 12 price txt bundle deals also avble call[entity] or call2optoutj mf,148,126,23,8,14,0
1,urgent your mobile no 07xxxxxxxxx won a 2000 bonus caller prize on 020603 this is the 2nd attempt to reach you call[entity] asap box97n7qp 150ppm,155,131,25,10,30,0
1,urgent your 4 costa del sol holiday or 5000 await collection call[entity] now toclaim sae tc s pobox334 stockport sk38xh cost150pm max10mins,157,136,22,15,33,0
1,you have won a guaranteed 1000 cash or a 2000 prize to claim yr prize call our customer service representative on[entity] between 10am7pm cost 10p,152,128,25,4,12,0
1,thanks for your ringtone order ref number k718 your mobile will be charged 450 should your tone not arrive please call customer services on[entity],153,130,24,6,10,0
1,hi ya babe x u 4goten bout me scammers getting smartthough this is a regular vodafone no if you respond you get further prem rate msgsubscription other nos used also beware,181,151,31,9,4,0
1,back 2 work 2morro half term over can u c me 2nite 4 some [explicit] passion b4 i have 2 go back chat now[entity] luv dena calls 1minmobsmorelkpobox177hp51fl,162,135,28,7,34,1
1,thanks for your ringtone order ref number r836 your mobile will be charged 450 should your tone not arrive please call customer services on[entity],153,130,24,6,10,0
1,splashmobile choose from 1000s of gr8 tones each wk this is a subscrition service with weekly tones costing 300p u have one credit kick back and enjoy,155,128,28,4,10,0
1,not heard from u4 a while call 4 rude chat private line[entity] to [explicit] wan 2c pics of me gettin shagged then text pix to[entity]end send stop 8552 sam [explicit],170,141,30,10,28,2
1,forwarded from[entity]free entry into our 250 weekly comp just send the word enter to[entity] now 18 tc [entity],118,101,18,10,33,0
1,[entity] from[entity] lost 3pound help,38,34,5,4,29,0
1,had your mobile 11mths update for free to oranges latest colour camera mobiles unlimited weekend calls call mobile upd8 on freefone[entity] or 2stoptx,155,131,25,5,18,0
1,you have 1 new message please call[entity],44,38,7,4,8,0
1,forwarded from[entity]hi this is your mailbox messaging sms alert you have 4 messages you have 21 matches please call back on[entity] to retrieve your messages and matches,178,151,28,10,22,0
1,moby pub quizwin a 100 high street prize if u know who the new duchess of cornwall will be txt her first name to[entity]unsub stop [entity] sp arrow,155,128,28,7,28,0
1,you have won a nokia 7250i this is what you get when you win our free auction to take part send nokia to[entity] now hgsuite3422lands roww1jhl 16,153,126,27,9,24,0
1,congratulations thanks to a good friend u have won the 2000 xmas prize 2 claim is easy just call[entity] now only 10p per minute btnationalrate,154,130,25,11,19,0
1,[entity] more games from thedailydraw dear helen dozens of free games with great prizeswith,98,84,15,8,16,0
1,urgent your mobile number won a 2000 bonus caller prize on 100603 this is the 2nd attempt to reach you call[entity] asap box 97n7qp 150ppm,163,138,26,24,28,0
1,double your mins txts on orange or 12 price linerental motorola and sonyericsson with btooth freenokia free call mobileupd8 on[entity] or2optouthv9d,156,134,23,8,28,0
1,download as many ringtones as u like no restrictions 1000s 2 choose u can even send 2 yr buddys txt sir to[entity] 3,122,99,23,5,10,0
1,please call[entity] immediately as there is an urgent message waiting for you,78,67,12,3,11,0
1,spook up your mob with a halloween collection of a logo pic message plus a free eerie tone txt card spook to 8007 zed[entity]p per logopic,142,116,27,5,17,0
1,fantasy football is back on your tv go to sky gamestar on sky active and play 250k dream team scoring starts on saturday so register nowsky opt out to[entity],164,136,29,6,28,0
1,tone club your subs has now expired 2 resub reply monoc 4 monos or polyc 4 polys 1 weekly 150p per week txt stop 2 stop this msg free stream[entity],152,122,31,5,26,0
1,xmas prize draws we are trying to contact u todays draw shows that you have won a 2000 prize guaranteed call[entity] from land line valid 12hrs only,154,128,27,6,26,0
1,yes the only place in town to meet exciting adult singles is now in the uk txt chat to[entity] now 150pmsg,111,91,21,7,18,0
1,someone has contacted our dating service and entered your phone becausethey fancy you to find out who it is call from a landline[entity] pobox1 w14rg 150p,157,132,26,5,13,0
1,babe u want me dont u baby im nasty and have a thing 4 filthyguys fancy a rude time with a [explicit] [explicit] how about we go slo n hard txt [explicit] slo4msgs,170,138,33,13,9,3
1,sms services for your inclusive text credits pls gotto [entity],63,54,10,2,18,0
1,valentines day special win over 1000 in our quiz and take your partner on the trip of a lifetime send go to[entity] now 150pmsg rcvd custcare[entity],157,132,26,10,21,0
1,guess who am ithis is the first time i created a web page [entity],67,54,14,3,10,0
1,for ur chance to win 250 cash every wk txt play to[entity] tscs [entity],79,66,14,9,22,0
1,sppok up ur mob with a halloween collection of nokia logopic message plus a free eerie tone txt card spook to 8007,116,95,22,2,15,0
1,urgent call[entity] from landline your complementary 4 tenerife holiday or 10000 cash await collection sae tcs po box 3 wa14 2px 150ppm 18 sender hol offer,164,139,26,9,25,0
1,winner as a valued network customer you hvae been selected to receive a 900 reward to collect call[entity] valid 24 hours only acl[entity]pm,146,124,23,8,26,0
1,u have won a nokia 6230 plus a free digital camera this is what u get when u win our free auction to take part send nokia to[entity] now pobox11414tcrw1 16,160,130,31,7,27,0
1,free entry into our 250 weekly comp just send the word win to[entity] now 18 tc [entity],92,76,17,6,24,0
1,text[entity] get more ringtones logos and games from [entity],64,56,9,7,14,0
1,freemsg you have been awarded a free mini digital camera just reply snap to collect your prize quizclub opt out stop[entity]pwk sprwm ph[entity],152,130,23,12,46,0
1,this message is brought to you by gmw ltd and is not connected to the,70,56,15,1,5,0
1,congrats 2 mobile 3g videophones r yours call[entity] now videochat wid ur mates play java games dload polyph music noline rentl bx420 ip4 5we 150p,156,132,25,11,12,0
1,your next amazing [explicit] picsfree1 video will be sent to you enjoy if one vid is not enough for 2day text back the keyword picsfree1 to get the next video,160,131,30,4,18,1
1,u are subscribed to the best mobile content service in the uk for 3 per ten days until you send stop to[entity] helpline[entity],132,110,23,6,23,0
1,3 free tarot texts find out about your love life now try 3 for free text chance to[entity] only after 3 free msgs 150 each,130,106,25,8,41,0
1,join the uks [explicit] [explicit] service and u can have [explicit] 2nite just sign up and follow the instructions txt entry to[entity] now nytec2a3lpmsg150p,167,144,24,17,22,3
1,knock knock txt whose there to[entity] to enter r weekly draw 4 a 250 gift voucher 4 a store of yr choice tcs [entity],122,99,24,6,17,0
1,forwarded from[entity]hi this is your mailbox messaging sms alert you have 40 matches please call back on[entity] to retrieve your messages and matches cc100pmin,168,144,25,10,21,0
1,free ring tone just text polys to[entity] then every week get a new tone[entity]yrs only 150wk,105,90,16,13,30,0
1,urgent your mobile no 077xxx won a 2000 bonus caller prize on 020603 this is the 2nd attempt to reach you call[entity] asap box97n7qp 150ppm,150,126,25,10,35,0
1,you are guaranteed the latest nokia phone a 40gb ipod mp3 player or a 500 prize txt word collect to no[entity] ibhltd ldnw15h 150pmtmsgrcvd18,149,126,24,8,30,0
1,hello darling how are you today i would love to have a chat why dont you tell me what you look like and what you are in to [explicit],136,108,29,5,2,1
1,8007 free for 1st week no1 nokia tone 4 ur mob every week just txt nokia to 8007 get txting and tell ur mates [entity],119,95,25,3,18,0
1,wanna get laid 2nite want real [explicit] locations sent direct to ur mobile join the uks largest [explicit] network txt park to[entity] now nyt ec2a 3lp 150msg,171,145,27,15,18,2
1,we tried to contact you re your response to our offer of a new nokia fone and camcorder hit reply or call[entity] for delivery,126,103,24,2,6,0
1,new tones this week include 1mcflyall ab 2 sara jorgeshock 3 will smithswitch to order follow instructions on next message,136,117,20,14,14,0
1,urgent we are trying to contact u todays draw shows that you have won a 800 prize guaranteed call[entity] from land line claim c52 valid 12hrs only,154,128,27,7,29,0
1,sports fans get the latest sports news str 2 ur mobile 1 wk free plus a free tone txt sport on to 8007 [entity],114,90,25,4,30,0
1,urgent urgent we have 800 free flights to europe to give away call b4 10th sept take a friend 4 free call now to claim on[entity] ba128nnfwfly150ppm,154,127,28,7,30,0
1,from[entity] lost 12 help,27,24,4,2,18,0
1,freemsg fancy a flirt reply date now join the uks fastest growing mobile dating service msgs rcvd just 25p to optout txt stop to[entity] reply date now,158,131,28,8,22,0
1,great new offer double mins double txt on best orange tariffs and get latest camera phones 4 free call mobileupd8 free on[entity] now or 2stoptxt tcs,156,129,28,7,41,0
1,hope you enjoyed your new content text stop to[entity] to unsubscribe help[entity]p provided by tones2youcouk,114,100,15,9,14,0
1,urgent please call[entity] from landline 5000 cash or a luxury 4 canary islands holiday await collection tcs sae award 20m12aq 150ppm 16,150,128,23,10,21,0
1,urgent please call[entity] from your landline your complimentary 4 lux costa del sol holiday or 1000 cash await collection ppm 150 sae tcs james 28 eh74rr,162,137,26,8,26,0
1,married local women looking for discreet action now 5 real matches instantly to your phone text match to[entity] msg cost 150p 2 stop txt stop bcmsfwc1n3xx,157,132,26,4,24,0
1,burger king wanna play footy at a top stadium get 2 burger king before 1st sept and go large or super with cocacola and walk out a winner,141,113,29,3,11,0
1,how come it takes so little time for a child who is afraid of the dark to become a teenager who wants to stay out all night,124,98,27,1,1,0
1,for ur chance to win a 250 cash every wk txt action to[entity] tscs [entity],83,69,15,9,24,0
1,uve bin awarded 50 to play 4 instant cash call[entity] to claim every 9th player wins min 50500 optout[entity],123,105,19,8,32,0
1,freemsgfav xmas tonesreply real,33,30,4,2,19,0
1,december only had your mobile 11mths you are entitled to update to the latest colour camera mobile for free call the mobile update co free on[entity],154,128,26,6,19,0
1,gr8 poly tones 4 all mobs direct 2u rply with poly title to 8007 eg poly breathe1 titles crazyin sleepingwith finest ymca getzedcouk pobox365o4w45wq 300p,160,136,25,7,62,0
1,interflora its not too late to order interflora flowers for christmas call[entity] to place your order before midnight tomorrow,133,114,20,5,20,0
1,romcapspam everyone around should be responding well to your presence since you are so warm and outgoing you are bringing in a real breath of sunshine,152,127,26,2,8,0
1,congratulations thanks to a good friend u have won the 2000 xmas prize 2 claim is easy just call[entity] now only 10p per minute btnationalrate,154,129,26,10,19,0
1,send a logo 2 ur lover 2 names joined by a heart txt love name1 name2 mobno eg love adam eve[entity] to[entity] yahoo pobox[entity]w45wq txtno 4 no ads 150p,161,132,30,10,58,0
1,youve won tkts to the euro2004 cup final or 800 cash to collect call[entity] b[entity] pobox[entity]ppm,108,93,16,9,44,0
1,freemessage jamsterget the crazy frog sound now for poly text mad1 for real text mad2 to[entity] crazy sounds for just 3 gbpweek 16only tcs apply,156,132,25,13,21,0
1,your chance to be on a reality fantasy show call now [entity] just 20p per min ntt ltd po box 1327 croydon cr9 5wb 0870 is a national rate call,147,117,31,5,54,0
1,adult 18 content your video will be with you shortly,52,43,10,0,3,0
1,your chance to be on a reality fantasy show call now [entity] just 20p per min ntt ltd po box 1327 croydon cr9 5wb 0870 is a national rate call,148,118,31,6,54,0
1,hey boys want hot [explicit] pics sent direct 2 ur phone txt [explicit] to[entity] 24hrs free and then just 50p per day to stop text stopbcm sf wc1n3xx,155,128,28,10,26,2
1,pdatenow double mins and 1000 txts on orange tariffs latest motorola sonyericsson nokia bluetooth free call mobileupd8 on[entity] or call2optoutyhl,159,137,23,11,25,0
1,ur cashbalance is currently 500 pounds to maximize ur cashin now send cash to[entity] only 150pmsg cc[entity] po box 11414 tcrw1,137,116,22,12,28,0
1,urgent your mobile number has been awarded with a 2000 prize guaranteed call[entity] from land line claim 3030 valid 12hrs only,133,113,21,6,27,0
1,sorry u can not unsubscribe yet the mob offer package has a min term of 54 weeks pls resubmit request after expiry reply themob help 4 more info,148,121,28,4,19,0
1,you have 1 new message please call[entity],44,38,7,4,8,0
1,we currently have a message awaiting your collection to collect your message just call[entity],96,83,14,4,8,0
1,urgent your mobile was awarded a 1500 bonus caller prize on 27603 our final attempt 2 contact u call[entity],116,98,19,8,19,0
1,do you ever notice that when youre driving anyone going slower than you is an idiot and everyone driving faster than you is a maniac,135,111,25,3,1,0
1,xmas offer latest motorola sonyericsson nokia free bluetooth or dvd double mins 1000 txt on orange call mobileupd8 on[entity] or call2optout4qf2,155,132,24,10,30,0
1,reply to win 100 weekly what professional sport does tiger woods play send stop to[entity] to end service,109,92,18,4,15,0
1,no 1 polyphonic tone 4 ur mob every week just txt pt2 to[entity]st tone free so get txtin now and tell ur friends 150ptone 16 reply hl 4info,146,118,29,7,27,0
1,this message is free welcome to the new improved [explicit] [explicit] club to unsubscribe from this service reply stop msgs150p 18only,144,122,23,11,7,2
1,updatenow 12mths half price orange line rental 400minscall mobileupd8 on[entity] or call2optoutj5q,106,94,13,9,17,0
1,free unlimited [explicit] [explicit] direct 2 your mobile txt [explicit] to[entity] get free access for 24 hrs then chrgd50p per day txt stop 2exit this msg is free,168,140,29,11,26,3
1,you are now unsubscribed all services get tons of [explicit] babes or hunks straight to your phone go to [entity],115,96,20,6,8,1
1,hi babe its jordan how r u im home from abroad and lonely text me back if u wanna chat xxsp visionsmscom text stop to stopcost 150p[entity],143,117,27,6,13,0
1,get a brand new mobile phone by being an agent of the mob plus loads more goodies for more info just text mat to[entity],123,100,24,5,14,0
1,lord of the ringsreturn of the king in store nowreply lotr by 2 june 4 chance 2 win lotr soundtrack cds stdtxtrate reply stop to end txts,140,114,27,3,60,0
1,good luck draw takes place 28th feb 06 good luck for removal send stop to[entity] customer services[entity],110,94,17,7,23,0
1,1st wk free gr8 tones str8 2 u each wk txt nokia on to 8007 for classic nokia tones or hit on to 8007 for polys nokia150p poly200p 16,139,111,29,6,23,0
1,lookatme thanks for your purchase of a video clip from lookatme youve been charged 35p think you can do better why not send a video in a mmsto[entity],158,131,28,10,18,0
1,[explicit] [explicit] [explicit] and text me im wet and warm and ready for some [explicit] u up for some fun this msg is free recd msgs 150p inc vat 2 cancel text stop,169,137,33,10,42,4
1,this is the 2nd time we have tried to contact u u have won the 1450 prize to claim just call[entity] b[entity] tcsstop sms[entity]ppm,139,116,24,10,25,0
1,dear voucher holder to claim this weeks offer at you pc please go to [entity],79,65,15,4,12,0
1,this is the 2nd time we have tried 2 contact u u have won the 750 pound prize 2 claim is easy call[entity] now only 10p per min btnationalrate,149,121,29,9,15,0
1,ur awarded a city break and could win a 200 summer shopping spree every wk txt store to[entity]skilgmetscs[entity]winawkage16150perwksub,146,129,18,10,37,0
1,urgent we are trying to contact u todays draw shows that you have won a 2000 prize guaranteed call[entity] from land line claim y87 valid 12hrs only,155,129,27,7,29,0
1,thanks for your ringtone order reference number x29 your mobile will be charged 450 should your tone not arrive please call customer services[entity],153,131,23,6,10,0
1,ur cashbalance is currently 500 pounds to maximize ur cashin now send collect to[entity] only 150pmsg cc[entity] po box 11414 tcrw1,140,119,22,12,31,0
1,congratulations thanks to a good friend u have won the 2000 xmas prize 2 claim is easy just call[entity] now only 10p per minute btnationalrate,153,129,25,10,19,0
1,[entity] do you want a new nokia 3510i colour phone deliveredtomorrow with 300 free minutes to any mobile 100 free texts free camcorder reply or call[entity],164,137,28,9,20,0
1,someone u know has asked our dating service 2 contact you cant guess who call[entity] now all will be revealed pobox 6 ls15hb 150p,135,111,24,6,24,0
1,camera you are awarded a sipix digital camera call[entity] fromm landline delivery within 28 days,101,86,16,5,13,0
1,todays voda numbers ending 5226 are selected to receive a 350 award if you hava a match please call[entity] quoting claim code 1131 standard rates app,153,127,26,4,9,0
1,this message is free welcome to the new improved [explicit] [explicit] club to unsubscribe from this service reply stop msgs150p 18 only,144,121,24,10,7,2
1,rct thnq adrian for u text rgds vatian,40,33,8,2,11,0
1,you are being contacted by our dating service by someone you know to find out who it is call from a land line[entity] pobox45w2tg150p,136,113,24,5,14,0
1,sorry i missed your call lets talk when you have the time im on[entity],74,61,14,5,9,0
1,complimentary 4 star ibiza holiday or 10000 cash needs your urgent collection[entity] now from landline not to lose out box434sk38wp150ppm18,146,127,20,6,30,0
1,free msgwe billed your mobile number by mistake from shortcode[entity]please call[entity] to have charges refundedthis call will be free from a bt landline,158,136,23,7,24,0
1,please call[entity] immediately as there is an urgent message waiting for you,77,66,12,2,11,0
1,urgent your mobile number has been awarded with a 2000 bonus caller prize call[entity] from land line valid 12hrs only,123,104,20,5,19,0
1,do you want a new nokia 3510i colour phone deliveredtomorrow with 300 free minutes to any mobile 100 free texts free camcorder reply or call[entity],153,127,27,5,14,0
1,life has never been this much fun and great until you came in you made it truly special for me i wont forget you enjoy one gbpsms,136,109,28,6,6,0
1,do you want a new video phone 600 anytime any network mins 400 inclusive video calls and downloads 5 per week free deltomorrow call[entity] or reply now,153,127,27,3,25,0
1,as a valued customer i am pleased to advise you that following recent review of your mob no you are awarded with a 1500 bonus prize call[entity],149,123,27,5,12,0
1,welcome please reply with your age and gender to begin eg 24m,64,53,12,3,12,0
1,freemsg 1month unlimited free calls activate smartcall txt call to no[entity] subscriptn3gbpwk unlimited calls help[entity] stoptxt stop landlineonly,158,141,18,13,25,0
1,had your mobile 10 mths update to latest orange cameravideo phones for free save s with free textsweekend calls text yes for a callback orno to opt out,158,131,28,5,13,0
1,am new 2 club dont fink we met yet will b gr8 2 c u please leave msg 2day wiv ur area[entity] reply promised carlie x calls1minmobsmore lkpobox177hp51fl,157,129,29,4,31,0
1,camera you are awarded a sipix digital camera call[entity] fromm landline delivery within 28 days,102,87,16,6,13,0
1,get a free mobile video player free movie to collect text go to[entity] its free extra films can be ordered ts and cs apply 18 yrs only,141,115,27,8,20,0
1,save money on wedding lingerie at [entity],42,36,7,2,7,0
1,not heard from u4 a while call me now am here all night with just my knickers on make me beg for it like u did last time[entity] [explicit] luv nikiyu4net,157,127,31,7,13,1
1,bloomberg message center [entity] why wait apply for your future [entity],75,65,11,6,16,0
1,do you want a new video phone750 anytime any network mins 150 text for only five pounds per week call[entity] now or reply for delivery tomorrow,144,119,26,2,10,0
1,you are being contacted by our dating service by someone you know to find out who it is call from a land line[entity] pobox45w2tg150p,136,113,24,5,14,0
1,wan2 win a meetgreet with westlife 4 u or a m8 they are currently on what tour 1unbreakable 2untamed 3unkempt text 12 or 3 to[entity] cost 50p std text,163,135,29,14,17,0
1,[entity] bank of granite issues strongbuy explosive pick for our members up over 300 nasdaq symbol cdgt that is a 500 per,146,124,23,26,49,0
1,you are a 1000 winner or guaranteed caller prize this is our final attempt to contact you to claim call[entity] now 150ppmpobox[entity]bhamb64xe,149,128,22,7,28,0
1,xmas new years eve tickets are now on sale from the club during the day from 10am till 8pm and on thurs fri sat night this week theyre selling fast,157,126,32,8,8,0
1,rock yr chik get 100s of filthy films [explicit] pics on yr phone now rply filth to[entity] saristar ltd e14 9yt[entity]p per 5 days stop2 cancel,152,127,26,13,25,1
1,from next month get upto 50 more calls 4 ur standard network charge 2 activate call[entity] c wire3net 1st4terms pobox84 m26 3uz cost 150 min mobcudb more,159,133,27,5,22,0
1,urgent we are trying to contact u todays draw shows that you have won a 800 prize guaranteed call[entity] from land line claim j89 po box245c2150pm,153,128,26,6,28,0
1,text banneduk to[entity] to see cost 150p textoperator g696ga 18 [explicit],77,67,11,6,15,1
1,auction round 4 the highest bid is now 54 next maximum bid is 71 to bid send bids e g 10 to bid 10 to[entity] good luck,135,109,27,12,15,0
1,collect your valentines weekend to paris inc flight hotel 200 prize guaranteed text paris to no[entity] [entity],123,105,19,11,38,0
1,customer loyalty offerthe new nokia6650 mobile from only 10 at txtauction txt word start to no[entity] get yours now 4tctxt tc 150pmtmsg,147,125,23,10,43,0
1,you wont believe it but its true its incredible txts reply g now to learn truly amazing things that will blow your mind from o2fwd only 18ptxt,149,123,27,7,11,0
1,i am hot n [explicit] and willing i live local to you text a reply to hear strt back from me 150p per msg netcollex ltdhelpdesk[entity] reply stop to end,156,126,31,6,13,1
1,do you want a new nokia 3510i colour phone delivered tomorrow with 200 free minutes to any mobile 100 free text free camcorder reply or call[entity],153,126,28,5,28,0
1,congratulations youve won youre a winner in our august 1000 prize draw call[entity] now prize code 2309,111,95,17,8,24,0
1,[entity]p 4 alfie moons children in need song on ur mob tell ur m8s txt tone charity to 8007 for nokias or poly charity for polys zed[entity] profit 2 charity,163,133,30,8,40,0
1,get the official england poly ringtone or colour flag on yer mobile for tonights game text tone or flag to[entity] optout txt eng stop box[entity] w111wx 150,162,136,27,7,41,0
1,customer service announcement we recently tried to make a delivery to you but were unable to do so please call[entity] to reschedule ref[entity],149,127,23,9,15,0
1,you can stop further club tones by replying stop mix see mytonecomenjoy html for terms club tones cost gbp450week mfl,128,109,20,11,16,0
1,wamma get laidwant real [explicit] locations sent direct to your mobile join the uks largest [explicit] network txt dogs to[entity] nownyt ec2a 3lp 150msg,165,142,24,15,8,2
1,promotion number[entity] ur awarded a city break and could win a 200 summer shopping spree every wk txt store to[entity] skilgme tscs[entity]winawkage16 150perwksub,177,153,25,13,45,0
1,you are a winner you have been specially selected to receive 1000 cash or a 2000 award speak to a live operator to claim call[entity]am7pm cost 10p,154,128,27,5,9,0
1,thanks for your ringtone order reference number x49 your mobile will be charged 450 should your tone not arrive please call customer services[entity] from [colourred]text[colour]txtstar,193,169,25,14,14,0
1,hi there 2nights ur lucky night uve been invited 2 xchat the uks wildest chat txt chat to[entity] now 150pmsgrcvdhgsuite3422landsroww1j6hl ldn 18yrs,158,137,22,12,32,0
1,22 146tf150p,13,12,2,1,0,0
1,dear voucher holder 2 claim your 1st class airport lounge passes when using your holiday voucher call[entity] when booking quote 1st class x 2,143,120,24,3,11,0
1,someone u know has asked our dating service 2 contact you cant guess who call[entity] now all will be revealed pobox 7 s3xy 150p,133,109,24,6,22,0
1,mila age23 blonde new in uk i look [explicit] with uk guys if u like fun with me text mtalk to[entity]pptxt 1st 5free 150 increments help[entity],157,132,26,16,25,1
1,claim a 200 shopping spree just call[entity] now have you won mobstorequiz10ppm,82,71,12,5,11,0
1,want to funk up ur fone with a weekly new tone reply tones2u 2 this text [entity],82,66,17,3,13,0
1,twinks bears scallies skins and jocks are calling now dont miss the weekends fun call[entity] at 10pmin 2 stop texts call[entity]nat rate,148,127,22,15,15,0
1,we tried to contact you re your reply to our offer of a video handset 750 anytime any networks mins unlimited text camcorder reply or call[entity] now,154,128,27,6,27,0
1,urgent we are trying to contact you last weekends draw shows that you have won a 900 prize guaranteed call[entity] claim code k61 valid 12hours only,155,130,26,7,28,0
1,[entity] xmas iscoming ur awarded either 500 cd gift vouchers free entry 2 r 100 weekly draw txt music to[entity] tnc,125,103,23,6,25,0
1,congratulations u can claim 2 vip row a tickets 2 c blu in concert in november or blu gift guaranteed call[entity] to claim tscs [entity],138,114,25,5,27,0
1,free msg single find a partner in your area 1000s of real people are waiting to chat nowsend chat to[entity]cncl send stopcs[entity]150 per msg,150,127,24,9,27,0
1,win the newest harry potter and the order of the phoenix book 5 reply harry answer 5 questions chance to be the first among readers,139,114,26,5,12,0
1,free msg ringtonefrom [entity],33,30,4,5,10,0
1,oh my god ive found your number again im so glad text me back xafter this msgs cst std ntwk chg 150,107,86,22,6,3,0
1,a link to your picture has been sent you can also use [entity],63,51,13,3,8,0
1,double mins 1000 txts on orange tariffs latest motorola sonyericsson nokia with bluetooth free call mobileupd8 on[entity] or call2optouthf8,147,127,21,8,24,0
1,urgent this is our 2nd attempt to contact u your 900 prize from yesterday is still awaiting collection to claim call now[entity] acl[entity]pm,147,125,23,7,43,0
1,dear dave this is your final notice to collect your 4 tenerife holiday or 5000 cash award call[entity] from landline tcs sae box326 cw25wx 150ppm,149,125,25,6,25,0
1,tells u 2 call[entity] to claim 5000 prize u have 2 enter all ur mobile personal details the prompts careful,117,96,22,7,8,0
1,your 2004 account for 07xxxxxxxxx shows 786 unredeemed points to claim call[entity] identifier code xxxxx expires[entity],123,108,16,6,30,0
1,do you want a new video handset 750 anytime any network mins half price line rental camcorder reply or call[entity] for delivery tomorrow,141,119,23,6,13,0
1,freeringtone reply real or poly eg real1 1 pushbutton 2 dontcha 3 babygoodbye 4 golddigger 5 webeburnin 1st tone free and 6 more when u join for 3wk,158,131,28,8,33,0
1,free msg get gnarls barkleys crazy ringtone totally free just reply go to this message right now,102,86,17,6,18,0
1,refused a loan secured or unsecured cant get credit call free now[entity] or text back help we will,108,90,19,10,11,0
1,you have been specially selected to receive a 3000 award call[entity] before the lines close cost 10ppm 16 tcs apply ag promo,134,113,22,11,20,0
1,you have won as a valued vodafone customer our computer has picked you to win a 150 prize to collect is easy just call[entity],131,108,24,5,23,0
1,free video camera phones with half price line rental for 12 mths and 500 cross ntwk mins 100 txts call mobileupd[entity] or call2optout674,141,119,23,5,15,0
1,ringtoneking[entity],20,20,1,2,6,0
1,ringtone club gr8 new polys direct to your mobile every week,63,52,12,2,3,0
1,bank of granite issues strongbuy explosive pick for our members up over 300 nasdaq symbol cdgt that is a 500 per,137,116,22,24,43,0
1,bored housewives chat n date now[entity] btnational rate 10pmin only from landlines,89,78,12,8,10,0
1,we tried to call you re your reply to our sms for a video mobile 750 mins unlimited text free camcorder reply or call now[entity] del thurs,139,113,27,2,23,0
1,this is the 2nd time we have tried to contact u u have won the 400 prize 2 claim is easy just call[entity] now only 10p per minute btnationalrate,154,126,29,9,14,0
1,you will be receiving this weeks triple echo ringtone shortly enjoy it,73,62,12,3,4,0
1,uve been selected to stay in 1 of 250 top british hotels for nothing holiday valued at 350 dial[entity] to claim national rate call bx526 sw73ss,155,128,28,9,28,0
1,you are chosen to receive a 350 award pls call claim number[entity] to collect your award which you are selected to receive as a valued mobile customer,155,129,27,4,34,0
1,win a 1000 cash prize or a prize worth 5000,47,38,10,0,1,0
1,thanks for your ringtone order reference number x49your mobile will be charged 450 should your tone not arrive please call customer services[entity],152,131,22,6,10,0
1,moby pub quizwin a 100 high street prize if u know who the new duchess of cornwall will be txt her first name to[entity]unsub stop [entity] sp,149,123,27,7,27,0
1,this weeks savamob member offers are now accessible just call[entity] for details savamob pobox 139 la3 2wu only 150week savamob offers mobile,155,133,23,12,24,0
1,you are being contacted by our dating service by someone you know to find out who it is call from your mobile or landline[entity] pobox75ldns7,145,120,25,4,16,0
1,tbspersolvo been chasing us since sept for38 definitely not paying now thanks to your information we will ignore them kath manchester,141,121,21,6,15,0
1,loans for any purpose even if you have bad credit tenants welcome call noworriesloanscom on[entity],102,88,15,5,15,0
1,[entity] kick off a new season with 2wks free goals news to ur mobile txt ur club name to[entity] eg villa to[entity],121,99,23,9,29,0
1,orange brings you ringtones from all time chart heroes with a free hit each week go to ringtones pics on wap to stop receiving these tips reply stop,154,126,29,5,11,0
1,private your 2003 account statement for[entity] shows 800 unredeemed s i m points call[entity] identifier code[entity] expires 311004,142,125,18,15,35,0
1,we tried to call you re your reply to our sms for a video mobile 750 mins unlimited text free camcorder reply of call[entity] now,131,106,26,3,22,0
1,gsoh good with spam the ladiesu could b a male gigolo 2 join the uks fastest growing mens club reply oncall mjzgroup[entity]stop reply stop msg150rcvd,161,137,25,11,26,0
1,hot live fantasies call now[entity] just 20p per min ntt ltd po box 1327 croydon cr9 5wb 0870 is a national rate call,118,96,23,3,35,0
1,urgent your mobile number has been awarded a ukp2000 prize guaranteed call[entity] from landline claim 3030 valid 12hrs only 150ppm,137,118,20,8,30,0
1,spjanuary male sale hot gay chat now cheaper call[entity] national rate from 15pmin cheap to 78pmin peak to stop texts call[entity]pmin,145,125,21,14,21,0
1,freemsg todays the day if you are ready im [explicit] live in your town i love [explicit] fun games netcollex ltd[entity]p per msg reply stop to end,157,129,29,13,14,2
1,in the simpsons movie released in july 2007 name the band that died at the start of the film agreen day bblue day cred day send a b or c,146,117,30,10,18,0
1,please call amanda with regard to renewing or upgrading your current tmobile handset free of charge offer ends today tel[entity] subject to ts and cs,154,130,25,7,14,0
1,want a new video phone 750 anytime any network mins half price line rental free text for 3 months reply or call[entity] for free delivery,140,116,25,5,11,0
1,dear voucher holder to claim this weeks offer at your pc please go to [entity],80,66,15,4,12,0
1,urgent please call[entity] your abta complimentary 4 spanish holiday or 10000 cash await collection sae tcs box 47 po19 2ez 150ppm 18,141,120,22,8,27,0
1,cmon babe make me [explicit] turn me on txt me your fantasy now babe im hot sticky and need you now all replies cost 150 2 cancel send stop,153,124,30,13,7,1
1,important information 4 orange user 0796xxxxxx today is ur lucky day2 find out why log onto [entity],102,86,17,4,76,0
1,missed call alert these numbers called but left no message[entity],68,59,10,4,8,0
1,freemsg our records indicate you may be entitled to 3750 pounds for the accident you had to claim for free reply with yes to this msg to opt out text stop,157,127,31,3,18,0
1,show ur colours euro[entity] offer get an england flag 3lions tone on ur phone click on the following service message for info,132,110,23,7,14,0
1,text pass to[entity] to collect your polyphonic ringtones normal gprs charges apply only enjoy your tones,107,92,16,4,13,0
1,accordingly i repeat just text the word ok on your mobile phone and send,74,61,14,2,1,0
1,block breaker now comes in deluxe format with new features and great graphics from tmobile buy for just 5 by replying get bbdeluxe and take the challenge,157,131,27,2,16,0
1,important information 4 orange user today is your lucky day2find out why log onto [entity],93,78,16,4,6,0
1,natalja 25f is inviting you to be her friend reply yes440 or no440 see her [entity],90,75,16,9,15,0
1,urgent important information for 02 user today is your lucky day 2 find out why log onto [entity],102,84,19,6,14,0
1,kit strip you have been billed 150p netcollex ltd po box 1013 ig11 oja,74,60,15,3,12,0
1,please call[entity] immediately as there is an urgent message waiting for you,77,66,12,2,11,0
1,thesmszonecom lets you send free anonymous and masked messagesim sending this message from theredo you see the potential for abuse,138,119,20,8,0,0
1,congrats 2 mobile 3g videophones r yours call[entity] now videochat wid ur mates play java games dload polyh music noline rentl bx420 ip4 5we 150pm,157,133,25,12,12,0
1,important information 4 orange user 0789xxxxxxx today is your lucky day2find out why log onto [entity],104,89,16,4,6,0
1,our dating service has been asked 2 contact u by someone shy call[entity] now all will be revealed pobox84 m26 3uz 150p,122,101,22,5,21,0
1,do you want a new video handset 750 any time any network mins unlimited text camcorder reply or call now[entity] for del sat am,131,108,24,6,27,0
1,ur balance is now 600 next question complete the landmark big a bob b barry or c ben text a b or c to[entity] good luck,135,109,27,15,21,0
1,ur tonexs subscription has been renewed and you have been charged 450 you can choose 10 more polys this month [entity],123,103,21,5,14,0
1,if you dont your prize will go to another customer tc at [entity],69,57,13,6,9,0
1,do you want a new nokia 3510i colour phone delivered tomorrow with 200 free minutes to any mobile 100 free text free camcorder reply or call[entity],153,126,28,5,28,0
1,recpt 13 you have ordered a ringtone your order is being processed,72,61,12,6,8,0
1,as one of our registered subscribers u can enter the draw 4 a 100 gb gift voucher by replying with enter to unsubscribe text stop,132,108,25,3,13,0
1,for your chance to win a free bluetooth headset then simply reply back with adp,83,69,15,4,13,0
1,dont b floppy b snappy happy only gay chat service with photo upload call[entity]pmin 2 stop our texts call[entity],125,106,20,13,14,0
1,welcome to ukmobiledate this msg is free giving you free calling to[entity] future mgs billed at 150p daily to cancel send go stop to[entity],149,126,24,12,21,0
1,3 you have received your mobile content enjoy,47,40,8,2,2,0
1,want explicit [explicit] in 30 secs ring[entity] now costs 20pmin,68,59,10,7,9,1
1,latest nokia mobile or ipod mp3 player 400 proze guaranteed reply with win to[entity] now norcorp ltd150mtmsgrcvd18,127,111,17,10,32,0
1,sms services for your inclusive text credits pls goto [entity],64,55,10,4,17,0
1,mobile club choose any of the top quality items for your mobile 7cfca1a,73,61,13,2,3,0
1,money i have won wining number 946 wot do i do next,51,40,12,0,1,0
1,i want some [explicit] my hubbys away i need a real man 2 satisfy me txt wife to[entity] for no strings action txt stop 2 end txt rec 150ea otbox 731 la1 7ws,171,138,34,15,26,1
1,gr8 new service live [explicit] video chat on your mob see the sexiest dirtiest girls live on ur phone 4 details text [explicit] to[entity] to cancel send stop to[entity],176,145,32,11,17,2
1,freemsg hi baby wow just got a new cam moby wanna c a hot pic or fancy a chatim w8in 4utxt rply chat to[entity] hlp[entity] msg150p 2rcv,141,114,28,8,26,0
1,wanna have a laugh try chitchat on your mobile now logon by txting the word chat and send it to no 8883 cm po box 4217 london w1a 6zf 16 118pmsg rcvd,156,125,32,7,26,0
1,urgent this is the 2nd attempt to contact uu have won 1000call[entity] b[entity]tcsbcm4235wc1n3xxcallcost150ppmmobilesvary max7 50,144,130,15,14,36,0
1,congratulations ur awarded 500 of cd vouchers or 125gift guaranteed free entry 2 100 wkly draw txt music to[entity],117,98,20,3,15,0
1,had your contract mobile 11 mnths latest motorola nokia etc all free double mins text on orange tariffs text yes for callback no to remove from records,159,132,28,7,20,0
1,urgent call[entity] from your landline your complimentary 4 ibiza holiday or 10000 cash await collection sae tcs po box 434 sk3 8wp 150 ppm 18,148,124,25,8,24,0
1,u have a secret admirer who is looking 2 make contact with ufind out who they rreveal who thinks ur so specialcall on[entity]stopsms[entity]ppm,148,126,23,9,19,0
1,freemsg txt call to no[entity] claim your reward of 3 hours talk time to use from your phone now subscribe6gbpmnth inc 3hrs 16 stoptxtstop,146,122,25,9,19,0
1,sunshine quiz win a super sony dvd recorder if you canname the capital of australia text mquiz to[entity] b,110,92,19,5,21,0
1,todays voda numbers ending with 7634 are selected to receive a 350 reward if you have a match please call[entity] quoting claim code 7684 standard rates apply,162,136,27,4,9,0
1,you are being ripped off get your mobile content from [entity],63,53,11,3,8,0
1,we tried to contact you re your reply to our offer of a video phone 750 anytime any network mins half price line rental camcorder reply or call[entity],151,124,28,2,15,0
1,a 400 xmas reward is waiting for you our computer has randomly picked you from our loyal mobile customers to receive a 400 reward just call[entity],154,128,26,4,34,0
1,private your 2003 account statement for shows 800 unredeemed s i m points call[entity] identifier code[entity] expires 211104,134,117,18,13,29,0
1,customer service announcement we recently tried to make a delivery to you but were unable to do so please call[entity] to reschedule ref[entity],149,127,23,9,15,0
1,hi babe its chloe how r u i was smashed on saturday night it was great how was your weekend u been missing me sp visionsmscom text stop to stop 150ptext,160,130,31,8,8,0
1,urgent your mobile no[entity] was awarded a 2000 bonus caller prize on 020903 this is our 2nd attempt to contact you call[entity] box95qu,145,123,23,10,34,0
1,free game get rayman golf 4 free from the o2 games arcade 1st get ur games settings reply post then save activ8 press 0 key for arcade termsapply,153,125,29,7,28,0
1,had your mobile 10 mths update to the latest cameravideo phones for free keep ur same number get extra free minstexts text yes for a call,143,118,26,6,29,0
1,your weekly coolmob tones are ready to download this weeks new tones include 1 crazy frogaxel f 2 akonlonely 3 black eyeddont p more info in n,160,134,27,18,19,0
1,cashbincouk get lots of cash this weekend [entity],55,48,8,7,8,0
1,thanks 4 your continued support your question this week will enter u in2 our draw 4 100 cash name the new us president txt ans to[entity],141,116,26,4,15,0
1,your unique user id is 1172 for removal send stop to[entity] customer services[entity],87,75,13,5,20,0
1,urgent call[entity]from landline your complimentary 4 ibiza holiday or 10000 cash await collection sae tcs po box 434 sk3 8wp 150ppm 18,143,122,22,8,25,0
1,urgent this is our 2nd attempt to contact u your 900 prize from yesterday is still awaiting collection to claim call now[entity],132,111,22,4,32,0
1,santa calling would your little ones like a call from santa xmas eve call[entity] to book you time calls150ppm last 3mins 30s tc [entity],142,119,24,9,21,0
1,private your 2004 account statement for[entity]7 shows 786 unredeemed bonus points to claim call[entity] identifier code[entity] expires[entity],151,135,17,15,40,0
1,check out choose your babe [entity] fgkslpopw fgkslpo,53,46,8,2,13,0
1,u r a winner u ave been specially selected 2 receive 1000 cash or a 4 holiday flights inc speak to a live operator 2 claim[entity]pmin 18,146,119,28,8,7,0
1,new mobiles from 2004 must go txt nokia to no[entity] collect yours today from only 1 [entity],104,87,18,11,32,0
1,private your 2003 account statement for shows 800 unredeemed s i m points call[entity] identifier code[entity] expires 29100,133,116,18,13,29,0
1,you have won as a valued vodafone customer our computer has picked you to win a 150 prize to collect is easy just call[entity],132,108,24,5,23,0
1,free messagethanks for using the auction subscription service[entity]pmsgrcvd 2 skip an auction txt out 2 unsubscribe txt stop customercare[entity],154,136,19,11,46,0
1,lyricalladie21f is inviting you to be her friend reply yes910 or no910 see her [entity],95,81,15,10,14,0
1,want the latest video handset 750 anytime any network mins half price line rental reply or call[entity] for delivery tomorrow,128,109,20,5,10,0
1,ou are guaranteed the latest nokia phone a 40gb ipod mp3 player or a 500 prize txt word collect to no[entity] ibhltd ldnw15h 150pmtmsgrcvd18,148,125,24,8,29,0
1,free polyphonic ringtone text super to[entity] to get your free poly tone of the week now 16 sn pobox202 nr31 7zs subscription 450pw,136,113,24,5,54,0
1,warner village[entity] c colin farrell in swat this wkend warner village get 1 free med popcornjust show msg[entity] 4712 c t[entity] sony 4 mre film offers,166,140,27,15,36,0
1,goal arsenal 4 henry 7 v liverpool 2 henry scores with a simple shot from 6 yards from a pass by bergkamp to give arsenal a 2 goal margin after 78 mins,155,124,32,4,7,0
1,hi the sexychat girls are waiting for you to text them text now for a great night chatting send stop to stop this service,124,101,24,3,14,0
1,hi this is amy we will be sending you a free phone number in a couple of days which will give you an access to all the adult parties,137,109,29,5,2,0
1,welcome to select an o2 service with added benefits you can now call our specially trained advisors free from your mobile by dialling 402,140,117,24,3,8,0
1,dear voucher holder have your next meal on us use the following link on your pc 2 enjoy a 2 4 1 dining experience[entity],122,99,24,3,10,0
1,urgent we are trying to contact u todays draw shows that you have won a 2000 prize guaranteed call[entity] from land line claim 3030 valid 12hrs only,156,130,27,7,28,0
1,you can donate 250 to unicefs asian tsunami disaster support fund by texting donate to[entity] 250 will be added to your next bill,138,116,23,6,21,0
1,goldviking 29m is inviting you to be his friend reply yes762 or no762 see him [entity],93,78,16,9,14,0
1,phony 350 award todays voda numbers ending xxxx are selected to receive a 350 award if you have a match please call[entity] quoting claim code 3100 standard rates app,173,144,30,4,14,0
1,cds 4u congratulations ur awarded 500 of cd gift vouchers or 125 gift guaranteed freeentry 2 100 wkly draw xt music to[entity] tncs [entity],149,125,25,6,25,0
1,you have won a guaranteed 1000 cash or a 2000 prize to claim yr prize call our customer service representative on[entity] between 10am7pm cost 10p,152,128,25,4,12,0
1,dear 0776xxxxxxx uve been invited to xchat this is our final attempt to contact u txt chat to[entity]pmsgrcvdhgsuite3422landsroww1j6hl ldn 18yrs,152,133,20,10,32,0
1,ur cashbalance is currently 500 pounds to maximize ur cashin now send go to[entity] only 150pmeg cc[entity] hgsuite3422lands roww1j6hl,144,125,20,13,24,0
1,private your 2003 account statement for shows 800 unredeemed sim points call[entity] identifier code4xx26 expires 131004,129,114,16,11,23,0
1,id like to tell you my deepest darkest fantasies call me[entity] just 60pmin to stop texts call[entity] nat rate,118,100,19,10,15,0
1,natalie 20f is inviting you to be her friend reply yes165 or no165 see her [entity],90,75,16,9,15,0
1,jamster to get your free wallpaper text heart to[entity] now tc apply 16 only need help call[entity],107,91,17,11,24,0
1,free video camera phones with half price line rental for 12 mths and 500 cross ntwk mins 100 txts call mobileupd[entity] or call2optout674,140,118,23,4,15,0
1,[entity]450 uk break accommodationvouchers terms conditions apply 2 claim you mustprovide your claim number which is[entity],131,114,17,7,17,0
1,5p 4 alfie moons children in need song on ur mob tell ur m8s txt tone charity to 8007 for nokias or poly charity for polys zed[entity] profit 2 charity,156,127,30,7,13,0
1,win a 200 shopping spree every week starting now 2 play text store to[entity] skilgme tscs[entity]winawk age16 150perweeksub,134,117,18,10,34,0
1,this is the 2nd attempt to contract u you have won this weeks top prize of either 1000 cash or 200 prize just call[entity],128,105,24,4,9,0
1,do you want a new nokia 3510i colour phone deliveredtomorrow with 300 free minutes to any mobile 100 free texts free camcorder reply or call[entity],154,128,27,6,14,0
1,themobhit the link to get a premium pink panther game the new no 1 from sugababes a crazy zebra animation or a badass hoody wallpaperall 4 free,149,123,27,6,12,0
1,this msg is for your mobile content order it has been resent as previous attempt failed due to network error queries to [entity],128,106,23,2,9,0
1,you have 1 new message please call[entity],43,37,7,3,8,0
1,december only had your mobile 11mths you are entitled to update to the latest colour camera mobile for free call the mobile update vco free on[entity],155,129,26,6,20,0
1,get 3 lions england tone reply lionm 4 mono or lionp 4 poly 4 more go 2 [entity],82,65,18,4,9,0
1,private your 2003 account statement for 078,44,38,7,1,10,0
1,you ve won your 4 costa del sol holiday or 5000 await collection call[entity] now toclaim sae tc s pobox334 stockport sk38xh cost150pm max10mins,160,137,24,14,35,0
1,get your garden ready for summer with a free selection of summer bulbs and seeds worth 3350 only with the scotsman this saturday to stop go2 notxtcouk,156,130,27,4,9,0
1,sms auction a brand new nokia 7250 is up 4 auction today auction is free 2 join take part txt nokia to[entity] now,121,97,25,7,37,0
1,ree entry in 2 a weekly comp for a chance to win an ipod txt pod to[entity] to get entry std txt rate tcs apply[entity] for details 18,140,113,28,10,18,0
1,our records indicate u maybe entitled to 5000 pounds in compensation for the accident you had to claim 4 free reply with claim to this msg 2 stop txt stop,156,127,30,2,12,0
1,spook up your mob with a halloween collection of a logo pic message plus a free eerie tone txt card spook to 8007 zed[entity]p per logopic,143,116,27,5,17,0
1,call germany for only 1 pence per minute call from a fixed line via access number[entity] no prepayment direct access [entity],130,110,21,8,17,0
1,had your mobile 11mths update for free to oranges latest colour camera mobiles unlimited weekend calls call mobile upd8 on freefone[entity] or 2stoptxt,156,132,25,5,18,0
1,private your 2003 account statement for fone no shows 800 unredeemed s i m points call[entity] identifier code[entity] expires 261004,144,125,20,15,29,0
1,someonone you know is trying to contact you via our dating service to find out who it could be call from your mobile or landline[entity] box334sk38ch,151,125,26,3,13,0
1,urgent please call[entity] from a landline 5000 cash or a 4 holiday await collection t cs sae po box 177 m227xy 16,123,102,22,9,19,0
1,if you dont your prize will go to another customer tc at [entity],69,57,13,6,9,0
1,urgent your mobile number has been awarded with a 2000 prize guaranteed call[entity] from land line claim 3030 valid 12hrs only 150ppm,140,119,22,6,27,0
1,urgent please call[entity] from landline 5000 cash or a luxury 4 canary islands holiday await collection tcs sae po box 177 m227xy 150ppm 16,151,128,24,11,22,0
1,xmas iscoming ur awarded either 500 cd gift vouchers free entry 2 r 100 weekly draw txt music to[entity] tnc [entity],125,103,23,6,25,0
1,u r subscribed 2 textcomp 250 wkly comp 1st wks free question follows subsequent wks charged150pmsg2 unsubscribe txt stop[entity]custcare[entity],152,134,19,11,24,0
1,call[entity] and send our girls into [explicit] ecstacy just 60pmin to stop texts call[entity] nat rate,108,93,16,11,15,1
1,a 400 xmas reward is waiting for you our computer has randomly picked you from our loyal mobile customers to receive a 400 reward just call[entity],153,128,26,4,34,0
1,important message this is a final contact attempt you have important messages waiting out our customer claims dept expires 13404 call[entity] now,152,131,22,9,29,0
1,datingi have had two of these only started after i sent a text to talk sport radio last week any connection do you think or coincidence,139,114,26,4,2,0
1,the current leading bid is 151 to pause this auction send out customer care[entity],86,73,14,5,13,0
1,free entry to the gr8prizes wkly comp 4 a chance to win the latest nokia 8800 psp or 250 cash every wktxt great to[entity] http[entity],141,117,25,8,25,0
1,you have 1 new message call[entity],36,31,6,3,8,0
1,santa calling would your little ones like a call from santa xmas eve call[entity] to book your time,102,85,18,5,12,0
1,you have won a guaranteed[entity] award or maybe even 1000 cash to claim ur award call free on[entity] its a legitimat efreefone number wat do u think,158,132,27,10,14,0
1,latest news police station toilet stolen cops have nothing to go on,70,59,12,3,3,0
1,for the most sparkling shopping breaks from 45 per person call[entity] or visit [entity],90,77,14,6,13,0
1,txt call to no[entity] claim your reward of 3 hours talk time to use from your phone now subscribe6gbpmnth inc 3hrs 16 stoptxtstop [entity],146,122,25,10,23,0
1,httptms widelivecomindex wmlid[entity]ad0a[entity]firsttruec c ringtone,85,81,5,14,17,0
1,urgent last weekends draw shows that you have won 1000 cash or a spanish holiday call now[entity] to claim tc rstm sw7 3ss 150ppm,139,116,24,10,31,0
1,urgent we are trying to contact you last weekends draw shows u have won a 1000 prize guaranteed call[entity] claim code k52 valid 12hrs 150p pm,145,120,26,2,28,0
1,2p per min to call germany[entity] from your bt line just 2p per min check planettalkinstantcom for info ts cs text stop to opt out,141,115,27,10,17,0
1,marvel mobile play the official ultimate spiderman game 450 on ur mobile right now text spider to[entity] for the game we ll send u a free 8ball wallpaper,163,135,29,8,23,0
1,private your 2003 account statement for[entity] shows 800 unredeemed s i m points call[entity] identifier code[entity] expires 061104,142,125,18,15,35,0
1,private your 2003 account statement for shows 800 unredeemed sim points call[entity] identifier code[entity] expires 261104,132,117,16,13,29,0
1,want explicit [explicit] in 30 secs ring[entity] now costs 20pmin gsex pobox 2667 wc1n 3xx,93,79,15,7,20,1
1,asked 3mobile if 0870 chatlines inclu in free mins india cust servs sed yes l8er got mega bill 3 dont giv a [explicit] bailiff due in days i o 250 3 want 800,166,134,33,7,100,1
1,had your contract mobile 11 mnths latest motorola nokia etc all free double mins text on orange tariffs text yes for callback no to remove from records,160,133,28,8,20,0
1,reminder from o2 to get 250 pounds free call credit and details of great offers pls reply 2 this text with your valid name house no and postcode,147,120,28,3,14,0
1,this is the 2nd time we have tried 2 contact u u have won the 750 pound prize 2 claim is easy call[entity] now1 only 10p per minute btnationalrate,156,128,29,10,15,0
